food_name,calories,protein,carbs,fat,category
Hot tea (Garam Chai),16.14,0.39,2.58,0.53,breakfast
Instant coffee,23.16,0.64,3.65,0.75,breakfast
Espreso coffee,51.54,1.75,6.62,2.14,breakfast
Iced tea,10.34,0.03,2.7,0.01,breakfast
Raw mango drink (Aam panna),35.92,0.16,9.05,0.03,snacks
Fruit Punch (with fresh juices),36.12,0.14,9.38,0.03,snacks
Fruit Punch (with squashes),23.13,0.07,5.99,0.02,snacks
Lemonade,20.8,0.03,5.48,0.01,snacks
Lem-o-gin,21.52,0.08,5.55,0.03,snacks
Cumin infused water (Jeere/Zeere ka pani),9.09,0.17,1.86,0.11,snacks
Coco pine cooler,32.75,0.56,5.72,1.0,snacks
Summer cooler,22.43,0.37,5.43,0.04,snacks
Hot cocoa,90.1,3.36,9.23,4.56,snacks
Cold coffee with ice cream,67.85,1.57,11.24,2.11,breakfast
Banana milkshake (Kele milkshake),65.31,1.84,9.15,2.37,snacks
Mango milkshake (Aam milkshake),56.9,1.73,7.23,2.35,snacks
Pineapple milkshake (Ananas milkshake),55.72,1.66,7.62,2.23,snacks
Orange milkshake (Narangi milkshake),57.42,1.86,7.11,2.52,snacks
Egg nog,97.14,4.78,8.15,5.11,snacks
Sweet Lassi (Meethi lassi),35.66,1.29,6.51,0.68,snacks
Lassi (salted),18.84,1.35,1.86,0.72,snacks
Cheese and chilli sandwich ,218.11,6.8,27.4,9.78,breakfast
Egg sandwich (Ande ka sandwich),285.96,8.69,29.16,15.8,breakfast
Cucumber sandwich (Kheere ka sandwich),188.6,4.8,25.77,8.0,breakfast
Cheese and pineapple sandwich (Cheese aur ananas ka sandwich),257.71,8.2,29.1,12.8,breakfast
Cheese and tomato sandwich (Cheese aur tamatar ke sandwich),243.32,7.92,26.92,12.27,breakfast
Chicken sandwich,253.27,13.12,25.38,11.75,breakfast
Peanut and tomato sandwich (Moongfali aur tamatar ka sandwich),291.43,9.53,28.54,16.14,breakfast
Rainbow sandwich,272.75,7.75,34.26,12.54,breakfast
Club sandwich ,235.32,7.31,18.51,15.12,breakfast
Vegetarian club sandwich,198.33,5.45,19.68,11.33,breakfast
Pin wheel sandwich,311.52,8.77,14.0,24.93,breakfast
Carrot apple sandwich (Gajar aur seb ka sandwich),214.11,5.3,29.04,9.12,breakfast
Salami sandwich,255.59,8.7,21.54,15.51,breakfast
Vegetable and mayonnaise sandwich,244.26,4.47,23.2,15.4,breakfast
Egg and tomato sandwich (Ande aur tamatar ka sandwich),222.11,7.66,25.9,10.51,breakfast
Sweet open sandwich,244.25,4.99,39.24,8.15,breakfast
Mushroom and cheese sandwich (toasted),227.42,7.79,21.01,13.01,breakfast
Cheese and tomato sandwich (toasted) (Cheese aur tamatar ke sandwich (toasted)),224.58,6.82,21.42,12.95,breakfast
Pea potato sandwich (toasted) (Matar aloo ka sandwich),164.9,4.6,25.17,5.43,breakfast
Paneer pea sandwich (toasted) (Paneer matar ka sandwich),249.56,12.4,24.05,11.98,breakfast
Chicken sandwich (toasted),167.37,12.08,18.82,5.32,breakfast
Pea keema sandwich (toasted) (Matar aur keema ka sandwich),171.78,11.06,20.26,5.61,breakfast
Classic club sandwich,200.83,6.74,18.49,11.56,breakfast
Sesame toast,495.19,1.9,11.15,49.38,lunch
Cracked wheat porridge (Meetha daliya),81.57,2.64,8.87,4.08,breakfast
Semolina porridge (Suji/Rava daliya),100.89,3.75,12.39,4.08,breakfast
Oatmeal Porridge,72.85,2.6,8.77,3.22,breakfast
Cornflakes with milk,117.33,3.59,14.95,5.12,snacks
Rice flakes (Chiwda/Aval),112.44,3.62,15.57,3.99,lunch
Wheat flakes,112.44,3.62,15.57,3.99,snacks
Murmura (Puffed rice),113.32,3.62,15.67,4.04,snacks
Puffed wheat (Murmure/Moori),113.32,3.62,15.67,4.04,snacks
Boiled egg (Ubla anda),45.35,4.43,0.12,3.04,snacks
Fried Egg ,223.67,11.59,0.31,19.62,breakfast
Poached egg,123.87,11.98,0.37,8.19,snacks
Scrambled egg (Ande ki bhurji),155.97,10.29,1.35,12.21,breakfast
Baked egg ,218.85,11.88,15.42,12.65,breakfast
Plain omelette/omlet,272.41,9.66,0.64,25.74,breakfast
Stuffed egg omelette/omlet,203.51,8.6,2.3,17.77,breakfast
Pancake,203.36,5.68,20.49,10.82,breakfast
Keema pancake,176.27,9.01,9.56,11.25,breakfast
Vegetable pancake,125.18,3.87,12.24,6.57,breakfast
Jam and fruit pancake,162.02,3.79,20.73,7.01,breakfast
Khoa and coconut pancake,271.98,6.98,27.32,15.29,breakfast
Brown stock,21.32,1.95,0.25,1.38,snacks
Vegetable stock,17.6,0.3,0.96,1.38,lunch
Chicken stock,29.88,3.69,0.37,1.51,dinner
Clear tomato soup (Tamatar ka soup),80.07,4.79,3.45,12.22,snacks
Lentil soup,31.17,9.65,3.94,11.68,snacks
Chicken consomme (Clear chicken soup),47.94,11.47,1.19,12.02,dinner
Cream of tomato soup,97.81,4.61,3.93,13.12,snacks
Cream of green peas soup,127.84,7.13,6.75,14.78,snacks
Cream of spinach soup,100.54,5.21,3.45,13.31,snacks
Cream of mixed vegetable soup,59.65,6.84,4.93,9.05,lunch
Cream of mushroom soup,117.28,6.64,3.74,15.5,snacks
Chicken sweet corn soup,28.32,14.48,1.63,12.59,dinner
Minestrone soup,42.66,9.3,3.71,11.09,snacks
Egg drop soup,26.64,12.93,1.1,13.52,snacks
Chinese cabbage and meat ball soup,484.31,5.21,1.43,56.57,lunch
French onion soup,55.61,11.41,4.28,14.39,snacks
Hot and sour soup,31.51,3.12,1.78,1.31,snacks
Talaumein soup,35.63,10.12,4.17,12.78,snacks
Cold cucumber soup (Thanda kheere ka soup),48.03,2.99,4.58,1.99,snacks
Cold summer garden soup,49.19,8.57,2.65,14.08,snacks
Chapati/Roti,202.31,5.88,35.65,3.56,breakfast
Plain parantha/paratha,298.3,5.06,30.69,16.86,breakfast
Potato parantha/paratha (Aloo ka parantha/paratha),205.04,3.7,23.92,10.22,breakfast
Radish parantha/paratha (Mooli ka parantha/paratha),183.52,3.3,20.54,9.53,breakfast
Cauliflower parantha/paratha (Phoolgobhi ka parantha/paratha),178.07,3.73,18.84,9.47,breakfast
Dal parantha/paratha,268.24,6.78,30.03,13.05,breakfast
Sprouted moong parantha/paratha,228.59,4.29,24.31,12.43,breakfast
Pea parantha/paratha (Matar ka parantha/paratha),190.73,5.59,21.51,8.8,breakfast
Keema parantha/paratha,238.09,9.41,18.36,13.91,breakfast
Paneer parantha/paratha,262.97,7.98,24.33,14.62,breakfast
Besan and spinach parantha/paratha (Besan aur palak ka parantha/paratha),216.49,5.54,21.39,12.09,breakfast
Poori,737.63,1.35,8.22,77.61,lunch
Spinach poori (Palak poori),684.25,1.42,7.76,71.86,lunch
Methi poori,710.02,1.45,7.98,74.6,lunch
Dal stuffed poori,785.16,2.08,10.14,81.69,lunch
Potato stuffed poori (Aloo ki poori),776.74,1.52,9.4,81.35,lunch
Tandoori parantha/paratha,295.37,5.08,30.74,16.51,breakfast
Boiled rice (Uble chawal),117.19,2.6,25.72,0.18,lunch
Plain pulao,140.21,2.34,21.82,4.62,lunch
Mixed vegetable pulao,113.05,2.72,17.49,3.33,lunch
Mushroom pulao,124.29,2.52,19.02,4.03,lunch
Sprouted moong pulao,112.97,2.19,17.49,3.61,lunch
Paneer pulao,581.91,1.98,8.76,59.81,dinner
Peanut pulao ,193.28,5.32,21.18,9.51,lunch
Navratan pulao,261.71,6.2,36.98,9.45,lunch
Green chickpeas pulao (Choliya pulao/Hare chane ka pulao),173.43,4.88,27.57,4.82,lunch
Mutton biryani/biriyani,190.76,7.38,22.5,7.72,dinner
Vegetable biryani/biriyani,174.61,3.16,18.56,9.51,dinner
"Lemon rice (Pulihora, Elumichai sadam, Chitranna)",176.3,4.26,21.62,7.88,lunch
Sweet rice (Meethe chawal),215.41,2.1,42.59,4.57,lunch
Curd rice (Dahi bhaat/Dahi chawal/ Perugu annam/Daddojanam/Thayir saadam),195.74,5.75,32.93,4.32,lunch
Tamarind rice (Chintapandu pulihora/Puliyodharai/Puli sadam/Huli anna),373.04,7.45,65.08,8.53,lunch
Spanish rice,164.24,4.19,31.1,2.23,lunch
Chinese fried rice,120.58,4.05,13.4,5.43,lunch
Macroni cheese pie,170.63,5.85,21.1,7.48,breakfast
Vegetable chowmein,129.71,3.07,15.44,6.36,lunch
Chicken chowmein,151.33,6.33,13.3,8.23,dinner
Cheese noodle ring,133.67,6.22,13.96,6.12,snacks
Spaghetti and cheese balls in tomato sauce,508.32,2.41,7.82,52.08,lunch
Penne platter,177.4,5.04,20.87,8.71,breakfast
Pasta hot pot,125.17,5.84,11.6,6.47,snacks
Chicken lasagne,187.49,10.45,13.9,10.36,dinner
Fettuccine with spinach sauce,129.21,3.1,12.19,7.83,snacks
Naan,286.45,8.05,51.75,4.99,breakfast
Bhatura,793.2,1.63,10.73,82.56,lunch
Idli,137.54,4.64,28.18,0.33,breakfast
Masala dosa,164.58,3.29,19.57,7.84,breakfast
Semolina dosa (Suji/Rava dosa),227.05,7.3,32.84,7.12,breakfast
Onion tomato uttapam,462.02,1.91,11.32,45.3,breakfast
Paneer kaathi roll,285.94,6.92,20.1,19.55,dinner
Makki ki roti,263.97,3.49,24.19,16.85,breakfast
Washed moong dal (Dhuli moong ki dal),50.0,2.68,5.91,1.68,lunch
Washed urad dal (Dhuli urad ki dal),61.32,2.51,5.84,2.98,lunch
Split bengal gram with bottle gourd (Channa dal with ghiya/lauki),73.25,2.79,7.1,3.6,lunch
Dry washed urad,124.71,6.85,15.66,3.5,snacks
Mixed dal,61.93,2.51,5.79,3.1,lunch
Whole moong (Moong ki dal),53.7,2.25,5.22,2.56,lunch
Whole masoor (Masoor ki dal),54.05,2.28,5.37,2.52,lunch
Whole moth (Moth ki dal),55.0,2.01,5.74,2.62,lunch
Whole urad (Urad ki dal),53.8,2.21,5.05,2.62,lunch
Moti mahal dal (Urad rajmah mix dal),103.13,3.93,8.74,5.66,lunch
Black channa curry/Bengal gram curry (Kale chane ki curry),140.68,5.67,14.11,6.61,dinner
Chickpeas curry (Safed channa curry),163.43,6.1,19.98,6.84,dinner
Lobia curry,148.99,6.06,17.88,5.62,dinner
Soyabean curry,163.28,10.43,6.76,10.19,dinner
Kidney bean curry (Rajmah curry),143.73,5.95,16.38,5.77,dinner
Sambar,96.92,3.35,10.57,4.38,snacks
Besan kadhi with pakodies,403.35,1.64,3.56,42.59,lunch
Khatta channa,202.57,6.3,21.14,10.56,breakfast
Sprouted moong dal chat,32.47,1.35,6.01,0.32,lunch
Potato cauliflower (Aloo gobhi),106.18,1.9,5.99,8.13,snacks
Potato capsicum (Shimla mirch aloo),125.53,1.41,8.72,9.33,snacks
Cabbage and peas (Pattagobhi aur matar),63.88,3.24,6.24,2.64,snacks
Carrot and fenugreek leaves (Gajar methi),61.92,2.1,4.17,3.81,snacks
Potato fenugreek (Aloo methi),135.15,2.25,8.47,10.04,snacks
Brinjal bhartha (Baingan ka bhartha),65.12,1.38,4.4,4.48,snacks
Dry potato (Sookhe aloo),103.15,1.62,14.38,4.18,snacks
Beans with coconut (Nariyal aur sem/phali; Beans thoran),131.63,2.62,4.39,11.39,snacks
Cauliflower with coconut (Nariyal ke saath phoolgobhi),132.11,2.64,3.99,11.56,snacks
Carrot and cabbage with coconut (Nariyal ke saath pattagobhi aur gajar),106.61,1.82,4.99,8.62,snacks
Raw turnip with coconut ,132.15,1.8,5.78,11.47,snacks
Raw papaya with coconut (Papaya thoran),132.75,1.54,5.58,11.42,snacks
Stuffed okra (Bharwa bhindi),94.34,2.08,3.85,7.66,snacks
Stuffed round gourd (Bharwa tinde),72.8,1.1,4.02,5.75,snacks
Stuffed capsicum (Bharwa shimla mirch),90.94,1.34,8.26,5.7,snacks
Stuffed brinjal (Bharwa baingan),93.0,1.53,3.96,7.73,snacks
Stuffed tomatoes (Bharwa tamatar),93.35,3.28,6.19,6.06,snacks
Pea potato curry (Aloo matar),100.92,3.48,9.74,5.13,dinner
Pea paneer curry (Matar paneer),134.83,6.61,9.29,7.75,dinner
Pea mushroom curry (Matar mushroom),93.3,3.87,7.41,5.16,dinner
Pea curry (Matar ki sabzi),102.99,4.51,9.2,5.11,dinner
Pea vadi curry,101.95,4.64,8.9,5.08,dinner
Paneer curry,176.52,7.8,8.4,12.38,dinner
Lotus stem curry (Kamal kakdi curry),110.34,1.53,9.24,7.25,dinner
Gravy for kofta,125.59,1.75,6.31,10.35,snacks
Pea kofta curry (Matar kofta curry),595.66,2.01,4.17,63.39,dinner
Spinach kofta curry (Palak kofta curry),571.78,1.09,3.56,61.49,dinner
Paneer kofta curry,670.91,2.39,3.27,72.06,dinner
Lotus stem kofta curry (Kamal kakdi kofta curry),633.56,0.96,5.01,67.76,dinner
Raw banana kofta curry (Kela kofta curry),627.27,0.62,3.4,67.98,dinner
Cauliflower kofta curry (Phoolgobhi kofta curry),641.1,1.04,2.62,69.62,dinner
Cabbage kofta curry (Pattagobhi kofta curry),639.81,0.98,2.87,69.4,dinner
Ghiya/Lauki Kofta Curry,638.71,0.89,2.71,69.4,dinner
Spinach paneer kofta curry (Palak paneer kofta curry),606.03,1.43,2.94,65.41,dinner
Vegetarian egg kofta curry,627.41,1.33,4.26,67.24,dinner
Baked vegetables,88.99,3.67,8.44,4.44,lunch
Cauliflower musallam (Phoolgobhi musallam),58.83,1.89,4.48,3.55,snacks
Baked vegetables with spinach ,77.79,3.22,6.93,4.03,lunch
Baked potato with skin ,135.77,3.43,11.11,8.5,snacks
Shepherd's pie (vegetarian),135.63,5.04,12.03,7.3,lunch
Baked brinjal in tomato sauce,38.63,1.58,4.13,1.62,snacks
Dum aloo,682.33,0.7,3.33,74.01,lunch
Spinach paneer (Palak paneer),77.68,4.03,4.43,4.76,dinner
Methi chaman,475.62,1.54,2.78,50.91,lunch
Sarson ka saag,87.84,3.0,5.33,5.86,snacks
Jackfruit sabzi (Kathal ki sabzi),625.4,0.69,3.4,67.6,snacks
Avial,124.56,2.46,8.47,8.94,snacks
Al yakhani,147.54,2.86,4.65,13.14,snacks
Shahi paneer,156.5,5.06,6.64,12.34,dinner
Paneer in butter sauce,145.61,6.99,9.7,8.81,dinner
Methi malai paneer,194.98,7.34,8.15,14.76,dinner
Chilli paneer,777.51,2.1,3.31,84.01,dinner
Paneer makhana korma,775.82,3.24,4.63,82.76,dinner
Kadhai Paneer,107.99,4.33,7.34,6.81,dinner
Roghan josh,139.59,9.56,4.93,9.02,snacks
Spinach mutton (Palak mutton),80.32,5.74,3.45,4.71,dinner
Pea keema curry (Matar keema ki sabzi),133.0,8.43,6.24,8.14,dinner
Keema kofta curry,154.45,9.77,5.64,10.39,dinner
Kashmiri mutton koftas (Gushtaba),97.42,6.33,3.04,6.77,dinner
Mutton yakhni,104.13,8.27,0.84,7.7,dinner
Chicken yakhni,99.0,10.66,0.78,6.1,dinner
Mutton do piaza,183.3,9.39,4.14,14.41,dinner
Mutton chops,663.64,4.03,1.48,71.31,dinner
Shammi kebab,685.69,4.52,3.54,72.61,lunch
Scotch egg,676.89,4.05,1.91,72.62,lunch
Shepherd's pie (with minced meat),142.78,7.45,8.06,8.88,snacks
Chicken curry,129.22,11.79,3.38,7.57,dinner
Tandoori chicken,145.2,16.26,2.34,7.93,dinner
Butter chicken,137.0,10.92,3.74,8.7,dinner
Chicken kebab,729.41,3.71,1.11,78.89,dinner
Chilli chicken,198.83,9.57,2.86,16.56,dinner
Fried chicken with tomato sauce (Fried chicken tamatar ki chutney kay saath),125.03,11.48,2.51,7.61,dinner
Fish curry (Machli curry),111.13,8.76,3.77,6.69,dinner
Fried fish (Indian style) (Tali hui machli),658.54,4.35,5.4,68.88,dinner
Fried fish and Chips (English Style) (Tali hui machli aur chips),651.75,3.36,2.77,69.69,snacks
Tomato fish,489.79,2.39,3.18,51.91,dinner
Baked fish with cheese sauce,113.96,8.64,4.06,7.02,dinner
Fish tikka,117.33,16.0,3.91,4.15,dinner
Tandoori fish,95.98,11.19,2.37,4.64,dinner
"Paneer, apple and pineapple salad",95.08,3.88,8.35,5.07,dinner
Russian salad,114.83,4.26,6.5,7.84,snacks
Pasta salad,190.36,4.15,12.7,13.92,breakfast
Deviled egg,98.56,4.97,2.23,7.72,snacks
Hawain salad,175.23,4.27,14.35,11.37,breakfast
Mixed pulse and vegetable salad,83.12,4.74,13.96,0.84,lunch
Sprouted moong salad ,37.81,2.29,5.48,0.74,snacks
Tossed salad,62.96,1.02,4.95,4.22,snacks
Mixed vegetable salad with curd sauce,60.28,4.23,7.03,1.5,lunch
Potato salad (Aloo ka salaad),89.91,1.4,11.19,4.4,snacks
Waldroff salad,141.75,1.47,11.02,10.05,snacks
Coleslaw,76.71,1.24,5.59,5.32,snacks
Fruit salad (Phalon ka salaad),78.14,0.91,15.96,1.22,snacks
Tomato onion raita (Tamatar aur pyaaz ka raita),59.0,3.74,7.08,1.84,snacks
Peanut raita (Mungfali ka raita),150.39,8.59,9.3,8.98,breakfast
Sprouted moong raita ,60.89,4.62,6.13,2.19,snacks
Bottle gourd raita (Ghiya/Lauki ka raita),56.31,3.98,5.76,2.07,snacks
Cucumber raita (Kheere ka raita),59.13,4.04,6.35,2.08,snacks
Carrot and spinach raita (Gajar aur palak ka raita),56.83,4.0,5.83,1.99,snacks
Mint raita (Pudinay ka raita),77.59,5.64,7.65,2.96,snacks
Potato raita (Aloo ka raita),75.38,4.22,10.24,2.04,snacks
Boondi raita,687.72,2.19,3.96,73.83,lunch
Sweet raita (Meetha raita),99.24,3.24,17.93,1.78,snacks
Dahi vadas/Dahi bhalla,667.73,2.96,5.49,70.4,snacks
Gunjia,667.34,2.98,5.68,70.28,lunch
Saunth/Sonth chutney with tamarind/imli,141.53,1.01,33.55,0.15,snacks
Rice kheer (Chawal ki kheer),75.03,2.3,10.05,2.97,lunch
Makhana kheer,107.85,3.31,12.88,5.0,snacks
Vermicelli kheer (Semiya/Seviyan ki kheer),120.07,3.35,15.87,5.0,snacks
Semolina kheer (Suji/Rava kheer),113.21,3.43,15.88,4.2,snacks
Paneer kheer,105.31,4.53,10.03,5.37,dinner
Cabbage kheer (Pattagobhi ki kheer),83.51,2.87,9.73,3.8,snacks
Carrot kheer (Gajar ki kheer),85.35,2.81,10.09,3.85,snacks
Cauliflower kheer (Phoolgobhi ki kheer),81.95,3.04,8.78,3.95,snacks
Moong dal kheer,77.16,2.95,9.89,2.97,lunch
Phirni,116.12,3.49,16.11,4.34,snacks
Semolina halwa (Suji ka halwa),225.65,2.16,24.67,13.38,breakfast
Shahi suji halwa,382.34,3.48,44.44,21.73,lunch
Carrot halwa (Gajar ka halwa),172.64,3.11,18.53,9.73,breakfast
Egg halwa (Ande ka halwa),299.74,7.85,39.59,13.41,breakfast
Potato halwa (Aloo ka halwa),151.66,1.53,29.18,3.48,breakfast
Pumpkin halwa (Kaddu ka halwa),190.27,1.33,27.6,8.81,breakfast
Moong dal halwa,349.8,8.35,40.23,17.68,lunch
Caramel custard (steamed),121.58,4.97,15.02,4.87,breakfast
Baked custard,106.53,5.41,9.45,5.3,snacks
Soft Custard (stirred),109.18,5.01,11.19,5.07,snacks
Chocolate ice cream,177.7,4.47,15.41,11.25,breakfast
Mango ice cream,125.69,3.4,11.14,7.62,snacks
Fruit Ice cream (Phalon ka Ice cream),171.46,4.37,16.05,10.38,snacks
Caramel ice cream,173.52,4.31,14.81,11.15,breakfast
Lemon souffle,168.51,6.95,13.43,10.02,breakfast
Orange souffle,168.28,6.8,14.2,9.73,breakfast
Vanilla souffle,187.85,7.71,14.78,11.19,breakfast
Chocolate souffle,189.32,7.88,14.74,11.36,breakfast
Pineapple souffle ,196.14,8.06,15.52,11.72,breakfast
Apple mousse,106.92,4.21,12.77,4.27,snacks
Rich chocolate mousse,188.26,7.96,10.84,12.19,breakfast
Mango mousse,124.98,3.21,9.14,8.47,snacks
Orange and pineapple cream,101.18,1.44,11.96,5.43,snacks
Charlotte rousse,188.29,3.95,34.08,4.78,breakfast
Triffle pudding,116.97,2.93,18.24,3.93,snacks
Snow flakes pudding,95.21,4.67,8.07,4.97,snacks
Kulfi,98.43,3.21,11.3,4.7,snacks
Steamed orange pudding,278.03,2.34,41.53,12.04,breakfast
Meringue and rice pudding,112.93,4.84,14.6,4.05,lunch
Cheese pudding,285.01,11.29,19.27,18.37,breakfast
Chocolate pudding,211.96,3.55,29.59,9.48,breakfast
Bread and butter pudding ,167.94,5.59,19.63,7.88,breakfast
Queen of pudding,132.92,5.51,16.35,5.38,snacks
Pineapple upside down pudding,257.73,3.15,35.73,11.91,breakfast
Date and nut pie,322.42,3.93,46.86,13.31,breakfast
Stewed apple with custard,92.87,1.27,18.36,1.82,snacks
Apple snowballs,101.51,0.86,24.58,0.31,snacks
Hot orange souffle,179.97,6.87,18.77,8.95,breakfast
Hot chocolate souffle,226.09,6.7,26.21,11.1,breakfast
Hot vanilla souffle,192.93,6.87,21.77,9.07,breakfast
Plain burfi (Burfi),408.32,9.82,30.88,27.96,lunch
Coconut burfi (Nariyal ki burfi),467.64,8.81,32.15,34.63,lunch
Bottle gourd burfi (Ghiya/Lauki burfi),275.96,5.86,24.51,17.68,breakfast
Chocolate burfi,339.33,13.0,33.15,17.86,breakfast
Cashewnut burfi (Kaju burfi/Kaju katli),421.74,5.48,37.92,28.46,lunch
Gram flour burfi (Besan burfi),421.79,11.19,46.59,22.41,lunch
Semolina ladoo with khoya (Suji/Rava aur khoye ke ladoo ),428.71,6.71,52.86,21.86,snacks
Semolina ladoo with coconut (Suji/Rava aur nariyal ke ladoo ),464.43,5.68,50.9,27.03,snacks
Gram flour ladoo (Besan ladoo),476.91,8.93,62.61,22.76,snacks
Sesame ladoo (Til ke ladoo),396.96,10.7,43.5,19.64,snacks
Chenna murki,252.69,10.46,36.01,8.2,breakfast
Milk cake,127.41,3.01,9.13,8.93,snacks
Ghujia/Lavang latika,768.98,1.86,13.0,78.93,lunch
Gulab Jamun with khoya,586.06,2.03,26.09,53.23,lunch
Mal pua,566.68,1.71,17.56,54.64,lunch
Shahi tukre,189.81,2.76,41.46,2.54,breakfast
Potato pakora/pakoda (Aloo pakoda),677.19,1.9,6.04,71.84,snacks
Onion pakora/pakoda (Pyaaz ke pakode),674.61,1.9,5.41,71.84,snacks
Cauliflower pakora/pakoda (Phoolgobhi ke pakode),671.63,1.98,4.52,71.86,snacks
Mixed vegetable pakora/pakoda,673.81,1.94,5.12,71.86,snacks
Spinach pakora/pakoda (Palak pakoda),712.62,1.96,4.68,76.38,snacks
Methi pakora/pakoda (Methi ke pakode),713.25,2.06,4.68,76.39,snacks
Egg pakora/pakoda (Ande ke pakode),710.51,2.83,4.48,75.86,snacks
Bread pakora/pakoda,710.99,2.57,8.87,74.2,breakfast
Paneer pakora/pakoda,718.12,3.27,5.52,76.05,snacks
Potato bonda (Aloo bonda),632.84,1.09,4.53,67.8,lunch
Potato samosa (Aloo ka samosa),577.39,1.71,9.21,59.19,snacks
Minced meat samosa (Keema ka samosa),620.99,4.43,6.14,64.26,snacks
Paneer and pea samosa (Paneer matar ka samosa),623.81,4.02,8.55,63.65,snacks
Mathri,805.12,1.75,12.32,83.1,lunch
Khasta kachori,712.73,2.51,12.81,72.27,lunch
Vegetable cutlet,665.45,1.25,4.68,71.33,lunch
Flattened rice cutlet (Chirwa cutlet/Chivda cutlet/Poha cutlet),701.71,1.76,7.39,73.89,breakfast
Peanut cutlet (Mungfali ke cutlet),698.77,2.63,5.68,74.0,lunch
Fish cutlet (Machli ka cutlet),654.64,2.77,3.13,70.11,dinner
Paneer potato cutlet (Paneer aloo cutlet),672.94,2.47,5.23,71.4,dinner
Spinach chickpeas cutlet (Palak channa dal cutlet),688.03,1.44,4.93,73.6,lunch
Cheese toast,785.37,1.98,5.49,84.11,lunch
Vegetable burger,519.93,3.26,13.69,50.63,lunch
Cheese pizza,249.5,5.79,30.62,12.43,breakfast
Vegetable seekh kebab,690.73,1.57,5.32,73.72,lunch
Masala vada,826.02,1.69,4.06,89.15,snacks
Peanut sago vada (Sabudana mungfali vada),749.89,1.01,7.14,79.82,snacks
Vegeterian scotch egg,681.67,2.16,4.64,72.77,lunch
Paneer shaslik/tikka,93.85,5.11,7.98,4.49,dinner
Peanut brittle (Moongfali ki chikki),320.46,6.94,47.46,11.13,breakfast
Spring roll,623.87,1.81,8.56,64.63,lunch
Dry mango chutney (Sookhe aam ki chutney),298.13,2.43,69.17,0.7,breakfast
Peanut chutney (Mungfali ki chutney),258.37,11.8,9.87,19.06,breakfast
Coconut chutney (Nariyal ki chutney),265.92,3.59,8.29,25.0,breakfast
Mint and coriander chutney (Pudinay aur dhaniye ki chutney),102.6,2.81,21.18,0.51,snacks
Custard tart,225.6,3.72,28.66,10.73,breakfast
Lemon tart,303.35,6.12,30.68,17.45,breakfast
Jam tart,360.72,4.42,46.18,17.35,lunch
Orange cream tart,197.16,2.58,27.43,8.72,breakfast
Pineapple tart,195.4,2.29,28.62,8.21,breakfast
Cheese and mushroom tart,246.1,5.51,21.43,15.28,breakfast
Cottage cheese pie,238.98,7.45,20.66,13.83,breakfast
Minced meat pie,221.55,7.38,18.11,13.04,breakfast
Apple cinnamon pie,258.73,3.35,33.68,12.21,breakfast
Lemon meringue pie,224.43,3.88,35.11,8.16,breakfast
Chocolate meringue pie,214.76,4.98,28.8,9.17,breakfast
Cream puffs,221.33,4.7,16.0,15.48,snacks
Chocolate eclairs,239.42,4.24,26.22,13.5,breakfast
Cheese balls,681.28,2.21,4.81,72.57,lunch
Minced meat patties,265.72,6.88,15.25,19.57,breakfast
Cheese patties,324.01,7.38,22.23,22.67,breakfast
Hot cheese souffle,177.1,9.18,5.41,13.23,breakfast
Hot potato souffle,125.64,5.51,8.56,7.64,snacks
Hot fish souffle,142.92,11.23,3.69,9.24,dinner
Hot spinach souffle,104.25,5.43,4.19,7.24,snacks
Plain cream cake,353.94,6.18,47.18,16.17,lunch
Apple cake (Seb ka cake),290.08,4.94,39.48,12.87,breakfast
Marble cake,354.11,6.3,46.88,16.27,lunch
Chocolate cake,335.61,6.01,45.14,15.18,breakfast
Orange cake,357.61,6.1,48.28,16.21,lunch
Fruit Loaf ,324.19,5.36,46.49,13.31,snacks
Banana cake (Kele ka cake),389.51,5.77,40.0,23.31,lunch
Chocolate chiffon cake,311.71,5.76,37.87,15.8,breakfast
Christmas cake,372.95,5.49,48.29,16.88,lunch
Strawberry and vanilla cake with butter icing,370.54,3.89,44.25,20.39,dinner
Eggless cake,318.08,8.12,46.14,11.75,breakfast
Swiss roll,251.87,7.3,48.34,3.77,breakfast
Pineapple pastry ,208.21,6.06,29.04,7.87,breakfast
Black forest pastry,233.55,6.09,34.48,8.46,breakfast
Coconut finger,274.86,7.09,42.56,8.86,breakfast
Pineapple cake ,195.57,5.01,23.51,9.34,breakfast
Chocolate walnut cookies (Chocolate aur akhrot ke cookies),424.8,6.56,47.1,23.62,lunch
Chocolate chip cookies,425.29,5.79,57.98,19.38,lunch
Sweet plain biscuit,380.76,5.86,50.29,17.67,lunch
Chocolate biscuit,379.76,5.88,51.56,17.09,lunch
Coconut biscuit (Nariyal ke biscuit),434.98,5.78,42.9,27.16,lunch
Sweet and salty biscuit (Meethay aur namkeen biscuit),407.96,6.15,45.09,22.39,lunch
Peanut biscuit,401.05,8.45,46.72,20.41,lunch
Pin wheel biscuit,404.6,5.4,54.56,18.66,lunch
Saffron biscuit (Kesar biscuit),458.61,6.05,59.7,22.01,lunch
Masala biscuit,393.64,6.06,45.18,20.75,dinner
Ice box cookies,374.24,5.7,56.09,14.44,lunch
Ginger bread man,365.0,6.61,60.26,11.01,breakfast
Danish cookies,475.33,5.33,58.0,24.92,lunch
Short bread cookies,443.09,6.03,64.82,17.98,breakfast
Coffee biscuit,416.57,6.9,46.55,23.0,breakfast
Melting moments,437.91,5.71,55.84,21.78,lunch
Ginger biscuit (Adarak ke biscuit),417.91,5.98,58.44,18.31,lunch
Soyabean muthias,839.33,2.46,3.7,90.45,lunch
Soyabean tikki,698.17,3.53,4.39,74.02,lunch
Soyabean namak paras,838.46,2.65,4.65,89.83,lunch
Peanut burfi (Moongfali ki burfi),550.99,9.31,48.14,36.84,lunch
Spinach peanut namak paras (Palak moongfali namak paras),740.16,1.65,6.62,78.51,lunch
Gram flour and semolina chilla/cheela/savory pancake (Besan suji chilla/cheela),758.89,2.08,7.63,80.04,breakfast
Rice moong dal cheela (Chawal aur moong dal ka cheela),798.26,2.74,11.13,82.44,breakfast
Split bengal gram sweet rice (Channa dal sweet rice),190.21,4.15,41.07,0.64,lunch
Sweet poori (Meethi poori),782.75,2.12,14.26,79.63,lunch
Wheat flour and moong dal burfi (Atta aur moong dal ki burfi),441.08,9.84,60.0,18.41,lunch
Spinach burfi (Palak burfi),121.17,2.71,12.76,6.81,snacks
Sweet split chickpea roti (Sweet channa dal roti/Puranpoli),366.59,9.51,62.66,7.93,breakfast
Sprouted moong daliya ,111.56,2.81,14.77,4.71,lunch
Sprouted moong poha ,192.6,5.59,26.6,6.89,breakfast
Pearl millet ladoo (Bajra ladoo),319.66,9.61,50.98,8.06,snacks
Paushtik ladoo,485.87,7.65,60.34,24.98,snacks
Paushtik roti,149.26,7.17,26.59,1.51,breakfast
Semolina carrot vada (Suji gajar vada),699.53,1.56,6.52,74.07,snacks
Dhokla,216.49,13.45,30.68,5.28,breakfast
Kashmiri tea (Kehwa),24.9,0.17,5.23,0.51,breakfast
Steeped hot coffee,15.91,0.39,3.01,0.33,breakfast
Hot chocolate,90.01,3.43,9.02,4.61,snacks
Cold coffee (with cream),82.76,1.93,11.98,3.29,breakfast
Banana milkshake with ice cream (Kele ka milkshake ice cream ke saath),76.45,2.01,11.15,2.77,snacks
Flavoured milkshake,66.78,2.06,8.65,2.83,snacks
Jal jeera,30.24,0.44,6.7,0.26,snacks
Gingo,48.02,0.14,12.42,0.06,snacks
Mintade,40.32,0.03,10.59,0.02,snacks
Canjee,6.61,0.24,0.44,0.42,snacks
Cauliflower canjee (Phoolgobhi ki canjee),6.9,0.39,0.35,0.42,snacks
Potato canjee (Aloo canjee),16.26,0.44,2.69,0.39,snacks
Vermicelli porridge (Semiya/Seviyan porridge),78.4,2.5,10.56,2.98,breakfast
Semolina upma (Suji/Rava upma),147.89,3.3,16.31,7.49,breakfast
Vermicelli upma (Semiya/Seviyan upma),149.11,3.11,16.88,7.45,breakfast
Rice upma,151.27,2.63,17.96,7.46,breakfast
Bread upma,129.51,2.8,12.6,7.75,breakfast
Vegetable upma,146.47,4.73,16.46,6.63,breakfast
Poha,294.53,6.09,35.05,14.14,breakfast
Vegetable poha,180.52,4.89,21.52,8.07,breakfast
Moong dal stuffed cheela/chilla (Moong dal ka cheela/chilla),154.89,6.97,19.42,5.11,breakfast
Paneer stuffed cheela/chilla,205.19,11.44,19.16,8.89,breakfast
Indian style egg bhujia (Anda bhujia (Indian style)),102.83,6.1,3.76,7.02,snacks
French omelette/omlet,211.04,10.03,0.41,18.86,breakfast
Puffy omelette/omlet,188.15,8.82,0.08,16.84,breakfast
Orange omelette/omlet,194.66,8.93,1.68,16.84,breakfast
Cheese and mushroom omelette/omlet,205.63,9.69,1.68,17.82,breakfast
Spanish omelette/omlet,157.45,8.25,5.1,11.44,breakfast
Mixed stock,25.19,2.06,0.33,1.71,snacks
Meat stock,24.48,2.1,0.0,1.78,snacks
White stock,6.99,0.07,0.4,0.56,snacks
Meat consomme (with mutton),29.76,14.86,0.51,13.68,dinner
Consomme au julienne,27.76,12.49,1.49,10.66,snacks
Consomme au vermicelli,29.94,15.23,1.3,12.98,snacks
Green pea soup (Matar ka soup),39.81,11.06,3.63,12.9,snacks
Spinach soup (Palak ka soup),32.59,10.54,3.03,14.26,snacks
Mixed vegetable soup,35.71,8.22,2.95,11.66,lunch
Cheese soup,41.13,12.39,1.87,17.07,snacks
Mulligatawny soup,54.42,11.26,8.24,13.28,snacks
Cream of carrot soup,59.77,8.27,5.69,12.35,snacks
Cream of broccoli soup,56.14,8.97,3.72,12.75,snacks
Cream of potato soup,60.2,8.1,6.14,12.05,snacks
Almond soup (Badam ka soup),78.65,10.13,3.68,13.8,snacks
Cold cucumber cream soup ,11.88,0.34,1.76,0.34,snacks
Cold tomato soup,16.9,0.11,0.59,1.56,snacks
Chicken stew,127.55,7.19,4.44,8.91,dinner
Veg paneer stew,145.55,6.98,10.22,8.41,dinner
Onion-green chilli parantha/paratha (Pyaaz aur hari mirch ka parantha/paratha),191.27,4.37,26.37,7.27,breakfast
Methi parantha/paratha,148.36,4.27,22.19,4.34,breakfast
Bathua poori,598.79,2.35,13.85,59.14,lunch
Gram flour poori (Besan poori),697.66,2.59,10.93,71.51,lunch
Beetroot poori (Chukandar ki poori),527.66,1.91,12.29,52.18,lunch
Peas poori (Matar ki poori),592.83,3.04,14.92,57.69,lunch
Peas kachori (Matar kachori),584.68,3.21,13.25,57.51,lunch
Pizza,146.77,6.85,9.94,8.72,snacks
Bacon and mushroom pancake,157.67,6.82,8.47,10.6,breakfast
Cheese and tomato pancake,147.39,5.15,10.66,9.28,breakfast
Minced meat pancake (with chicken),116.04,12.01,8.18,10.48,breakfast
Eggplant/Brinjal rice (Vangi bhat),184.8,5.28,31.74,3.67,lunch
Kashmiri 'tahar',98.21,1.95,19.11,1.37,snacks
Cumin pulao (Jeera/Zeera pulao),135.24,2.47,23.61,3.2,lunch
Peas pulao (Matar pulao),108.87,3.89,18.42,1.9,lunch
Split bengal gram dal and vegetable pulao (Channa dal and vegetable pulao),116.53,3.6,19.72,2.3,lunch
Black channa pulao/ Bengal gram pulao (Kale chane ka pulao),125.51,3.44,21.55,2.58,lunch
Mutton pulao,130.77,6.52,11.26,10.78,dinner
Chicken pulao,108.24,6.07,11.17,8.48,dinner
Mexican rice,120.57,4.62,14.21,4.88,lunch
Plain khitchdi (Plain khichri/khichdi),57.03,1.72,10.04,1.01,lunch
Instant idli (with semolina),247.29,9.16,43.4,3.61,breakfast
Plain dosa,380.91,10.34,64.08,8.43,breakfast
Masala dosa mixed vegetable fillings,144.53,4.84,23.02,3.26,breakfast
Masala dosa paneer fillings,243.12,10.31,29.76,8.84,breakfast
Uttapam,255.95,6.18,36.28,9.03,breakfast
Appam,267.7,3.12,13.28,22.63,breakfast
Beans and macaroni,136.08,4.58,14.24,7.01,snacks
Spaghetti bolognese,97.43,9.35,10.04,9.51,snacks
Meat and macaroni casserole,161.55,9.15,16.12,10.17,breakfast
Spaghetti with meat balls and tomato sauce,158.13,5.61,10.46,10.64,breakfast
Spaghetti with paneer balls and tomato sauce,158.54,3.95,12.72,10.44,dinner
Lasagne with meat sauce,63.38,2.9,5.38,3.43,snacks
Lasagne with vegetables,49.23,1.71,5.9,2.16,lunch
Home made egg noodles,240.84,6.55,42.92,4.37,breakfast
Sour lentils (Khatti dal),34.79,2.22,6.04,0.12,lunch
Urad special dehusked,69.43,3.14,8.86,2.17,snacks
Arhar with spinach (Arhar dal aur palak),52.84,2.05,4.77,2.76,lunch
Moong dal with vadi,24.08,0.4,1.0,2.05,lunch
Rasam with tamarind (Puli rasam/ Chintapandu rasam/ Charu/Saaru),26.74,1.13,3.37,0.88,snacks
Rasam with lemon (Nimmakaya rasam/Nimmakaya charu/Elumichai rasam/Nimbe hannina saaru),24.41,1.11,2.85,0.87,snacks
Green gram whole with baghar (Sabut moong dal with tadka),63.43,3.23,6.8,2.48,lunch
Urad sabut special,79.39,2.33,5.03,5.46,snacks
Kabuli channa curry,68.57,2.92,7.63,3.06,dinner
Besan gatte curry,189.38,7.75,16.26,10.72,dinner
Dry masala chops,135.07,9.08,3.3,9.54,dinner
Mutton korma,115.64,7.09,2.53,8.54,dinner
Shahi keema kofta curry,418.13,4.14,1.73,43.83,dinner
Minced meat ball curry,109.79,6.82,2.86,7.85,dinner
Boti kebab,132.86,9.22,3.06,9.27,snacks
Mutton seekh kebab,133.94,11.25,3.11,8.43,dinner
Indian lamb and egg curry (Nargisi kofta),335.75,3.84,2.07,34.7,dinner
Soya chunks sweet and sour (Nutrinugget sweet and sour),500.94,2.85,3.27,55.99,lunch
Soya chunks korma (Nutrinugget korma),131.43,3.86,7.67,9.5,dinner
Mushroom matar,70.77,2.79,5.33,4.11,snacks
Soya chunks and peas (Nutrinugget matar),82.62,3.03,5.82,5.11,snacks
Vegetable yakhni,406.06,1.18,1.94,43.8,lunch
Spinach mushroom (Palak mushroom),47.63,1.94,2.95,2.96,snacks
Vegetarian nargisi kofta curry,332.15,2.29,6.58,32.94,dinner
Roast chicken,199.9,20.49,0.1,13.06,dinner
Shahi chicken masala,163.7,9.82,4.07,12.02,dinner
Tomato chicken,111.68,10.57,2.13,6.71,dinner
Creamy chicken,152.87,13.52,3.13,9.57,dinner
Broccoli chicken ala king,119.56,7.97,5.34,7.57,dinner
Ginger chicken,129.17,8.24,5.6,8.24,dinner
Chicken sweet and sour,445.09,6.92,2.67,47.59,dinner
Chicken korma,147.96,9.83,5.43,9.67,dinner
Bengal fish curry (Bengali machli curry),109.43,7.26,4.42,7.03,dinner
Fish finger,542.9,5.66,4.47,55.82,dinner
Fish in coconut milk (Nariyal ke doodh ke saath machli),86.21,8.66,2.73,4.43,dinner
Prawn curry (with coconut) (Jhinga curry),109.55,8.54,3.1,6.93,dinner
Baked stuffed fish,121.96,16.14,2.12,5.43,dinner
Fish pie,120.9,9.25,7.74,5.77,dinner
Crispy baked fish,138.4,10.95,9.59,6.41,dinner
Fish souffle,139.71,10.51,5.14,8.55,dinner
Potato curry (Aloo ki sabzi),89.56,1.52,10.42,4.47,dinner
Egg curry (Anda curry),117.52,5.38,4.03,8.81,dinner
Vegetable curry with coconut ,83.07,2.77,7.19,4.66,dinner
Curd with potatoes (Dahi aloo),59.9,1.56,7.15,2.72,snacks
Potato kofta curry (Aloo kofta curry),455.4,0.56,2.78,49.08,dinner
Yam kofta curry (Zimikand/Suran kofta curry),322.88,0.71,3.75,33.84,dinner
Jackfruit kofta curry (Kathal ka kofta curry),321.08,0.8,3.17,33.83,snacks
Spinach and potato (Palak aloo),57.17,1.63,5.91,2.82,snacks
Mooli bhujia,91.2,1.69,4.74,7.25,snacks
Bathua bhujia,90.9,2.26,3.63,7.29,snacks
Cabbage rolls (dry) ((Pattagobhi rolls) (dry)),142.48,8.21,6.09,9.36,snacks
Cabbage rolls (curry) ((Pattagobhi rolls)(curry)),124.63,5.76,7.03,8.17,dinner
Dry arbi (Sookhi arbi),134.95,2.12,11.11,8.97,snacks
Masala arbi,185.38,3.01,16.16,11.9,dinner
Peas brinjal bhartha (Matar baingan bhartha),84.55,2.05,5.02,6.05,snacks
Okra/Lady's fingers fry (Bhindi sabzi/sabji/subji),110.81,1.83,4.5,9.27,snacks
Crispy okra/Crispy lady's fingers (Karare bhindi),657.76,1.91,4.35,70.4,dinner
Beans foogath,105.06,2.03,3.26,9.22,snacks
Stuffed bittergourd (wet) (Bharwa karele),162.36,1.36,4.68,15.24,breakfast
Jackfruit/Kathal (dry),488.97,0.93,4.56,51.78,snacks
Yam fried (Zimikand/Suran fried),491.76,0.79,5.47,51.79,lunch
"Cauliflower, pea and potato bhujia (Phoolgobhi, matar aur aloo bhujia)",95.67,2.75,8.23,5.54,snacks
Vegetable jalfrezi,68.48,1.4,5.43,4.38,lunch
Vegetables stir fry ,30.78,1.04,3.19,1.47,snacks
Broccoli delight,40.7,2.49,2.34,2.48,snacks
Dhansak (vegetarian),82.8,3.32,7.28,4.18,lunch
Cauliflower basket,90.95,5.21,3.97,5.88,snacks
Stuffed bottle gourd (Stuffed ghiya/lauki),93.19,5.84,4.36,5.8,snacks
Ducheese potato,140.54,3.6,10.94,9.01,snacks
Roast potatoes ,87.32,1.53,14.52,2.35,snacks
Stuffed baked potatoes ,100.2,3.82,11.03,4.39,snacks
Potato nests,111.62,5.71,11.05,4.77,snacks
Parsley potato,119.51,1.49,13.81,6.28,snacks
Creamed spinach and mushroom,419.62,2.28,3.17,44.14,lunch
Fricassee of Mushroom,106.66,3.65,8.13,6.63,snacks
Cauliflower au gratin,145.9,4.45,9.13,10.2,snacks
Vegetable and cheese pie,126.88,4.03,8.76,8.28,lunch
Spinach souffle ,150.18,7.36,6.27,10.52,breakfast
Beetroot and egg salad (Chukandar aur ande ka salad),84.92,3.36,3.4,6.45,snacks
Sour cream potato salad,121.9,2.89,9.05,8.13,snacks
Tossed green salad,49.88,1.33,3.82,3.24,snacks
Spring basket salad,160.46,3.36,11.61,11.3,breakfast
Cucumber and yogurt salad (Kheere aur dahi ka salad),36.13,2.09,4.72,0.93,snacks
Chicken and tomato towers,100.55,6.9,2.36,6.99,dinner
Jellied sunshine fruit salad,48.86,5.85,4.21,0.85,snacks
Tomato aspic,50.37,6.87,5.02,0.26,snacks
Frozen frosty fruit salad (Phalon ka salaad),103.51,1.68,15.61,4.17,snacks
French dressing,733.77,0.32,3.68,79.65,lunch
Mayonnaise without eggs,329.05,2.13,3.98,33.84,breakfast
Curd dressing ,78.8,5.59,8.03,2.9,snacks
Carrot raita (Gajar ka raita),64.78,4.14,7.19,2.19,snacks
Pumpkin raita (Kaddu ka raita),55.6,3.74,6.02,1.88,snacks
Mint and peanut raita (Pudinay aur moongfali ka raita),112.05,7.05,7.31,6.19,snacks
Spinach raita (Palak ka raita),52.75,3.95,5.06,1.86,snacks
Bathua raita,54.4,4.13,5.31,1.76,snacks
Pineapple raita (Ananas ka raita),67.74,3.9,8.62,2.02,snacks
Banana raita (Kele ka raita),89.03,4.13,13.51,2.07,snacks
Mango raita (Aam ka raita),67.37,3.9,8.23,2.14,snacks
Guava raita (Amarood ka raita),64.36,4.19,7.27,2.07,snacks
Grapes raita (Angoor ka raita),72.59,3.98,9.66,2.07,snacks
Bottle gourd kheer (Ghiya/Lauki kheer),84.07,2.7,10.0,3.86,snacks
Pumpkin kheer (Kaddu ki kheer),86.35,2.76,10.44,3.86,snacks
Apple kheer (Seb ki kheer),81.3,2.14,11.34,3.18,snacks
Caramel custard (baked),122.7,5.11,14.95,5.01,snacks
Vanilla ice cream without egg,228.67,2.69,14.21,18.15,breakfast
Vanilla ice cream with egg,214.85,4.16,11.71,17.02,breakfast
Strawberry ice cream,215.61,4.15,12.26,16.96,breakfast
Chocochip ice cream,241.45,4.23,16.75,17.93,breakfast
Choconut ice cream,273.96,5.04,23.13,18.49,breakfast
Pear chocholate sunday,183.49,2.08,15.02,13.11,breakfast
Chocolate sauce,263.2,1.91,43.21,10.39,breakfast
Coffee ice cream,150.62,3.15,14.09,9.43,breakfast
Coffee pear alaska,203.99,2.88,19.36,13.22,breakfast
Crunchy butterscotch,277.32,3.11,19.92,20.99,breakfast
Peach melba ice cream,200.85,2.06,16.31,14.51,breakfast
Vanilla ice cream with apples in hot cherry sauce,196.32,1.73,22.75,11.45,breakfast
Grape and orange whip,57.39,1.41,6.72,2.62,snacks
Honey banana cream,125.49,2.78,13.64,6.68,snacks
Raspberry bavarian cream,150.1,3.34,17.82,7.88,breakfast
Fruit delight,107.09,2.09,9.11,7.09,snacks
Creamy chocolate mousse,230.52,6.85,9.53,18.16,breakfast
Cold lemon souffle,169.87,5.89,15.62,9.78,breakfast
Cold orange souffle,173.19,5.94,16.27,9.82,breakfast
Cold pineapple souffle,181.22,6.23,16.85,10.39,breakfast
Cold vanilla souffle,179.54,6.22,16.29,10.32,breakfast
Cold chocolate souffle,187.53,6.37,17.22,10.86,breakfast
Stewed fruit (with pear),74.32,0.25,18.22,0.32,snacks
Apricot fool,240.79,1.54,33.64,11.35,breakfast
Pavlova,200.6,1.84,21.84,12.29,breakfast
Apple crumb pudding,220.85,1.54,35.17,8.87,breakfast
Steamed cake with chocolate sauce,301.91,4.49,29.06,19.01,breakfast
Hot lemon souffle,155.25,5.29,16.31,7.93,breakfast
Gulab jamun with milk powder,471.15,0.85,28.24,40.15,lunch
Chum chum,130.05,1.52,28.27,1.92,snacks
Dil bahar,130.05,1.52,28.27,1.92,snacks
Rasbhari,130.05,1.52,28.27,1.92,snacks
Rajbogh,133.7,1.71,28.16,2.28,snacks
Rasgulla,118.64,1.38,25.79,1.75,snacks
Rasmalai,135.55,1.61,29.17,2.11,snacks
Khoa coconut burfi,411.45,9.98,36.55,26.01,lunch
Danedar burfi,102.68,3.24,12.33,4.72,snacks
Semolina burfi (Suji/Rava burfi),348.67,3.47,47.1,16.86,breakfast
Pumpkin coconut burfi (Kaddu aur nariyal ki burfi),186.18,1.75,17.02,12.66,breakfast
Khoa ladoo,396.02,12.21,34.43,24.09,snacks
Wheat and gram flour ladoo (Atta besan ladoo),501.7,9.38,50.5,29.86,snacks
Semolina ladoo with nuts (Suji/Rava ladoo with nuts),441.84,5.44,48.02,25.45,snacks
Sesame chickpeas brittle (Til aur channe ki chikki),282.74,8.5,50.49,4.66,breakfast
Murmura chikki,253.82,2.12,59.59,0.32,breakfast
Masala onion pakora/pakoda (Pyaaz ke pakode),551.64,2.05,6.48,57.61,snacks
Masala green chilli pakora/pakoda (Hari mirch kay pakode),668.76,2.22,5.55,71.01,snacks
Chicken pakora/pakoda,590.09,6.03,4.55,60.98,snacks
Fish pakora/pakoda,577.03,5.97,4.55,59.52,snacks
Paneer cutlet,672.2,4.59,7.62,69.38,dinner
Sago cutlet/vadas (Sabudana cutlet/vadas),558.76,0.56,11.23,56.97,snacks
Poshtik cutlet,496.45,2.0,7.39,50.94,lunch
Egg cutlet (Anda cutlet),575.02,2.45,5.77,60.25,lunch
Minced meat cutlet,531.86,5.1,5.61,54.47,lunch
Vegetable samosa,443.11,2.21,13.22,42.22,snacks
Plain urad dal vada (Uzunne vada/Minapa garelu/Ulundu vadai/Medu vada),745.5,4.39,9.7,76.32,snacks
Masala urad dal vada,703.78,4.32,9.93,71.62,snacks
Khaman (dhokla),54.73,1.92,5.36,2.8,snacks
Instant dhokla,207.11,7.66,24.11,9.37,breakfast
Tomato ginger chutney (Tamatar adarak ki chutney),44.66,1.05,9.11,0.32,snacks
Mint tomato chutney (Pudinay aur tamatar ki chutney),43.65,1.53,8.22,0.36,snacks
Coriander chutney (Hare dhaniye ki chutney),42.86,1.38,8.16,0.37,snacks
Gooseberry chutney (Amla chutney),43.02,1.44,8.83,0.62,snacks
Walnut chutney (Akhrot ki chutney),370.43,9.44,8.91,33.46,lunch
Saunth/Sonth chutney with ginger,84.22,0.28,20.62,0.11,snacks
Gun powder chutney,312.34,21.55,47.65,2.67,breakfast
Dessicated coconut chutney (Sookhe kase nariyal ki chutney) ,346.36,12.88,36.72,15.88,breakfast
Curd mint dip ,76.13,4.82,9.11,2.44,snacks
Curd vegetable dip,56.21,3.88,6.04,1.94,lunch
Mayonnaise vegetable dip,241.27,3.01,4.8,23.44,lunch
Tomato and cucumber sandwich (Tamatar aur kheere ka sandwich),150.68,4.03,20.51,6.31,breakfast
Tomato sandwich (grilled),189.92,6.26,21.29,9.39,breakfast
French sandwich (toasted),186.75,6.82,14.82,11.51,breakfast
Peanut butter cucumber sandwich,243.33,9.04,29.76,10.56,breakfast
Mint and peanut sandwich,273.59,7.18,31.83,13.88,breakfast
Spicy chutney sandwich,249.58,8.74,34.03,9.58,breakfast
Chicken walnut sandwich (Chicken aur akhrot ke sandwich),285.78,12.58,22.62,16.77,breakfast
Rolled sandwich,293.07,6.45,34.69,15.29,breakfast
Ribbon sandwich,239.26,6.26,24.76,13.37,breakfast
Checker board sandwich,348.37,7.37,25.94,24.65,breakfast
Submarine sandwich,216.92,6.09,13.6,15.32,breakfast
Cheese open sandwich,274.07,9.84,28.42,14.24,breakfast
Sunset and sunrise open sandwich,241.31,8.58,18.89,15.14,breakfast
Danish luncheon sandwich,193.82,9.03,17.77,10.1,breakfast
Chicken and corn open sandwich,188.16,8.63,19.21,8.83,breakfast
Chocolate sponge cake,239.86,9.13,39.54,5.51,breakfast
Chocolate swiss roll,306.08,6.01,26.97,19.76,breakfast
Lemon curd filling,225.62,3.43,26.41,12.58,breakfast
Jam filling,184.62,0.0,46.15,0.0,breakfast
Chocolate pastry,243.37,7.05,32.24,10.12,breakfast
Assorted pastry,230.74,6.78,31.99,8.91,breakfast
Orange gateau,178.05,4.78,27.01,6.02,breakfast
Black forest gateau,217.82,5.94,30.57,8.58,breakfast
Lemon cake,373.85,5.29,43.1,20.63,lunch
Dundee cake,396.62,7.78,41.4,22.7,lunch
Victorian sandwich cake,373.09,5.18,44.74,19.83,breakfast
Chocolate eggless cake,312.01,6.66,43.45,13.19,breakfast
Orange eggless cake,355.62,7.16,52.65,13.82,lunch
Chocolate glace icing,436.29,3.22,62.43,20.8,lunch
Butter icing,500.72,0.19,71.64,25.37,dinner
Chocolate butter icing,469.59,3.21,61.72,24.77,dinner
Almond biscuit (Badam ke biscuit),407.74,6.25,52.14,19.7,lunch
Orange biscuit,354.78,3.63,62.11,11.01,lunch
Gingerman biscuit,357.43,6.26,55.24,12.73,lunch
Coffee drops,443.07,7.57,43.06,27.16,breakfast
Christmas biscuit,406.07,5.67,60.97,15.88,lunch
Christmas wreath biscuit,386.05,5.43,58.07,15.01,lunch
Christmas bell biscuit,404.85,5.66,60.79,15.84,lunch
Christmas star biscuit,392.03,3.54,74.54,10.04,lunch
Christmas tree biscuit,385.63,5.43,58.41,15.0,lunch
Chocolate cream shells,427.17,5.1,59.26,19.34,lunch
Jelly biscuit,404.61,4.23,55.24,19.33,lunch
Cherry and walnut cookies,422.6,5.63,59.35,18.75,lunch
Cheese straws,382.0,9.83,30.61,24.28,lunch
Butterfly biscuit,341.45,9.98,25.33,22.11,breakfast
Flan pastry,445.8,6.72,47.84,25.04,lunch
Fruit flan,261.35,3.3,34.71,12.48,snacks
Orange cream flan,280.28,4.73,36.16,13.59,breakfast
Fruit puree tart,286.5,3.35,30.42,16.83,snacks
Apple banana pie,243.99,3.13,32.12,11.39,breakfast
Lemon chiffon pie,259.31,4.88,27.63,14.52,breakfast
Orange chiffon pie,207.57,3.89,23.14,11.16,breakfast
Cream buns,215.74,4.45,14.16,15.81,breakfast
Savoury puffs,190.79,9.51,10.8,15.24,snacks
Choux swans,216.34,4.35,14.92,15.6,breakfast
Potato aigrettes,530.03,2.35,8.01,54.24,lunch
Cream horns,408.23,3.42,23.12,33.55,lunch
Savoury cheese horns,295.15,5.66,21.38,20.71,breakfast
Paneer patties,338.58,7.6,22.79,23.96,dinner
Vegetable patties ,261.92,4.01,20.98,17.74,lunch
Pearl millet infant food (Bajra shishu aahaar),362.44,11.98,62.1,6.62,lunch
Sajina,345.26,10.81,66.87,3.03,breakfast
Cereal mix ,120.81,3.32,21.84,2.02,snacks
Pulse mix,83.29,3.16,16.0,0.54,snacks
Shishu ahar,93.37,2.61,17.42,1.43,snacks
Cereal pulse mix with amylase rice flour,151.57,4.27,27.8,2.74,lunch
Banana groundnut paste/puree,213.19,4.27,36.15,5.45,breakfast
Rice dal porridge (Chawal dal ki khichdi/khichri),383.33,10.8,65.04,8.33,breakfast
Lentils and semolina porridge (Dal suji porridge/daliya),117.29,3.26,23.19,1.06,breakfast
Spinach khichri (Palak khichri/khichdi),102.18,3.43,17.35,1.91,lunch
Vegetable mix,174.21,4.7,36.02,0.94,lunch
Lentils and wheat porridge (Dal wheat porridge/daliya ),52.54,2.71,8.36,0.94,breakfast
Maize porridge,89.57,2.14,15.64,1.89,breakfast
Spinach peanut burfi (Palak aur mungfali ki burfi),105.37,3.36,13.59,4.39,snacks
Split bengal gram burfi/fudge (Channa dal burfi),287.36,4.65,54.63,7.09,lunch
Chickpea flour cookies (Sweet besan rounds/cookies),207.01,4.29,39.64,3.42,breakfast
Pearl millet mathri (Bajra mathri),785.08,1.82,7.42,83.12,lunch
Sesame biscuit (Til ke biscuit),424.03,8.27,53.65,19.34,lunch
Fermented bengal gram vada (Khameerikrit/Ufna hua channa dal ka vada),657.57,4.05,8.68,67.19,snacks
Poshtik namak paras,613.39,6.49,19.52,56.58,lunch
Soya chikki,423.7,7.18,62.89,15.51,lunch
Besan bathua chilla/cheela,373.82,11.48,40.65,18.57,breakfast
Wheat flour and nuts ladoos (Atta nuts ladoos),391.9,9.46,44.31,19.19,snacks
Gram flour and semolina dhokla (Besan suji dhokla),198.91,8.52,25.92,7.1,breakfast
Atta dal burfi ,298.8,6.66,40.64,12.47,lunch
Soya roti,283.96,9.18,40.03,9.23,breakfast
Poshtik khichdi/khichri,93.37,3.04,15.64,1.88,lunch
Namkeen daliya,295.11,8.29,49.32,7.99,lunch
Sprouts upma ,316.25,9.5,44.96,10.44,breakfast
Semolina idli (Suji/Rava idli),206.39,9.34,33.67,3.47,breakfast
Poshtik chilla/cheela,159.53,4.85,27.47,3.04,breakfast
Stuffed bittergourd (dry) (Bharwa karela),217.65,1.29,2.49,22.38,breakfast
Cauliflower potato canjee,16.79,0.57,2.63,0.39,snacks
Creamed spinach,96.91,5.18,4.44,6.39,snacks
Mango milkshake with ice cream (Aam milkshake ice cream ke saath),68.35,1.93,9.18,2.8,snacks
Pineapple milkshake with ice cream (Ananas milkshake ice cream ke saath),68.49,1.93,9.33,2.75,snacks
Orange milkshake with ice cream (Narangi milkshake ice cream ke saath),67.82,1.95,9.15,2.75,snacks
Woodapple juice (Bel ka sharbat),34.18,0.63,6.51,0.7,snacks
Sattu drink,23.38,0.56,5.16,0.14,snacks
Apple and honey sorbet (Seb aur shehad ka sharbat),121.3,0.15,30.74,0.29,snacks
Thandai,101.18,3.59,9.13,5.89,snacks
Cucumber sharbat (Kheere ka sharbat),27.28,0.26,6.64,0.06,snacks
Apple oats chia seed smoothie,85.64,3.49,13.07,2.48,snacks
Nannari sharbat,88.79,0.01,23.62,0.01,snacks
Semolina milk drink (Thari kanji),44.16,0.98,6.93,1.36,snacks
Saffron milk (Kesariya doodh),102.18,3.17,12.64,4.57,snacks
Black rice kheer (Chak-hao kheer),147.94,4.37,22.93,4.91,lunch
Coconut kheer (Nariyal ki kheer),162.61,3.4,14.42,10.55,breakfast
Apple sago payasam (Seb aur sabudana ki kheer),136.5,3.13,14.4,7.66,snacks
Kesari bath,244.57,2.4,31.38,12.59,breakfast
Putharekulu,318.3,3.66,59.61,7.55,breakfast
Mango malpua,334.64,1.65,12.84,30.67,breakfast
Mango vanilla custard,147.63,3.43,18.41,7.04,snacks
Kiwi granola pudding,280.99,5.6,32.33,15.36,breakfast
Oats burfi,425.19,8.89,62.47,17.27,lunch
Lotus seed halwa (Kamal gattay ka halwa),370.55,7.79,39.56,20.69,lunch
Amaranth ladoo (Rajgira ladoo),454.15,10.12,51.33,22.7,snacks
Chhena poda,344.57,13.68,33.64,17.94,breakfast
Sweet couscous dessert,196.2,3.81,29.69,7.69,breakfast
Sweetened yogurt (Shrikhand),107.18,5.27,16.02,2.89,snacks
Thickened sweetened milk (Rabri),102.79,3.52,10.55,5.35,snacks
Gram flour halwa (Besan halwa),276.79,5.88,25.78,17.3,breakfast
Prawn sandwich,169.65,10.36,11.89,9.27,breakfast
Watercress sandwich,229.42,5.17,28.03,11.47,breakfast
Fish sandwich ,150.2,4.72,10.09,10.37,breakfast
Kidney bean sandwich with cottage cheese,176.64,9.85,18.86,6.84,breakfast
Finger millet biscuit (Ragi biscuit),458.56,4.03,52.69,25.79,lunch
Buttermilk biscuit,322.54,5.76,34.93,17.5,breakfast
Lemon cookies,394.48,5.63,42.19,23.02,lunch
Sweet potato biscuit (Shakarkand ke biscuit),296.4,5.14,38.13,13.31,breakfast
Raspberry shortbread cookies,441.12,3.0,61.25,21.25,breakfast
Pumpkin cookies ,218.4,2.51,44.69,3.93,breakfast
Greenpea cookies,159.42,6.53,23.07,4.24,breakfast
Sunflower cookies,520.62,9.49,40.06,36.28,lunch
Cardamom cookies (Elaichi cookies),400.49,5.1,53.99,19.12,lunch
Hazelnut cookies,493.32,6.25,39.44,34.97,lunch
Milk cookies,459.43,10.49,48.43,24.96,lunch
Cranberry cookies,272.48,3.92,36.39,12.66,breakfast
Olive biscuit,438.29,3.2,55.01,23.75,lunch
Tutti fruitti biscuit,420.78,5.21,53.12,17.9,snacks
Peach blueberry preserves,177.38,0.53,45.76,0.2,breakfast
Pear preserves (Naashpati ka murabba),101.24,0.25,25.67,0.19,snacks
Starfruit preserves ,128.93,0.24,33.62,0.12,snacks
Gooseberry pickle (Amla ka achaar),278.58,1.55,7.61,27.61,breakfast
Lotus stem pickle (Kamal kakdi ka achar),102.69,1.44,20.07,1.6,snacks
Date pickle (Khajoor ka achaar),182.29,1.68,34.66,4.21,breakfast
Garlic pickle (Lahasun ka achar),413.62,3.72,9.75,39.88,lunch
Fermented bamboo shoot pickle (Mesu pickle),59.83,1.58,1.73,5.59,snacks
Sweet peach pickle (Aadoo ka achaar),144.64,0.46,37.01,0.2,snacks
Pickled mustard greens ,13.12,1.51,1.05,0.22,snacks
Small onion pickle ,16.86,1.65,2.76,0.64,snacks
Green tomato pickle (Haray tamatar ka achaar),193.26,1.23,2.87,19.67,breakfast
Pickled cabbage ,13.69,0.39,2.56,0.14,snacks
Coconut pickle (Nariyal ka aachar),517.26,3.02,11.53,51.71,lunch
Potato pickle (Aloo ka achaar),369.14,2.07,7.87,36.46,lunch
Mango murabba candy,293.35,0.27,77.32,0.05,breakfast
Afghani chicken,151.51,15.66,1.95,9.07,dinner
Fish orly,563.7,5.87,4.27,58.18,dinner
Hariyali Fish Tikka,150.24,14.01,2.21,9.41,dinner
Chicken manchurian,142.34,9.53,6.06,11.96,dinner
Handi chicken,166.02,12.32,1.49,12.46,dinner
Lemon chicken,169.79,20.2,0.55,9.66,dinner
Lemon butter fish,160.25,16.38,0.75,10.26,dinner
Baked eggs in tomato sauce,80.05,4.92,3.78,5.22,snacks
Egg in a pepper,128.78,12.64,0.17,8.68,snacks
Spinach mushroom scrambled egg (Palak mushroom bhurji),158.85,13.28,0.59,11.51,breakfast
Corn omelette/omlet,166.93,11.37,1.57,12.89,breakfast
Cajun chicken,184.94,12.69,1.94,13.99,dinner
Paaner do pyaza,127.7,4.22,3.41,10.87,snacks
Cabbage manchurian (Pattagobhi manchurian),224.26,0.64,4.85,22.48,breakfast
Gobi 65,278.29,0.56,3.59,29.11,breakfast
Paneer lababdar,105.48,3.98,3.37,8.46,dinner
Roasted cauliflower steak,78.68,2.05,2.02,6.7,breakfast
Sauteed radishes with green beans,94.32,2.41,6.04,6.61,snacks
Garlic chutney/Poondu chutney (Lahasun ki chutney),255.51,3.34,20.44,17.55,breakfast
Schezwan chutney,205.19,3.33,10.79,17.72,breakfast
Onion chutney (Pyaaz ki chutney/Vengaya chutney),143.94,2.97,13.52,8.38,snacks
Dates chutney (Khajoor ki chutney),103.57,1.07,21.69,1.12,snacks
Chicken salad,338.19,15.33,1.3,30.26,dinner
Macaroni salad,262.19,5.02,21.63,17.78,breakfast
Cabbage raita (Pattagobhi raita),84.84,3.24,5.25,5.76,snacks
Pomegranate raita (Anaar ka raita),72.64,4.05,7.15,3.24,snacks
Onion raita (Pyaaz ka raita),71.56,4.86,7.86,2.43,snacks
Green chilli raita (Hari mirch ka raita),77.13,5.58,7.66,2.92,snacks
Kale salad,177.71,4.86,5.01,15.33,breakfast
Spinach and paneer souffle ,186.19,7.56,9.64,13.49,dinner
Masala souffle ,123.51,6.38,8.02,7.37,dinner
Chicken and cheese souffle,182.35,9.07,3.47,14.74,dinner
Tamarind chutney (Chintapandu pachadi/Puli chutney),109.15,0.88,25.07,0.48,snacks
Pav bhaji masala,230.47,9.13,29.15,10.96,dinner
Green chutney,79.42,5.42,10.01,1.6,snacks
Sago khitchdi/khichri (Sabudana khitchdi/khichri),187.16,2.72,22.41,10.1,breakfast
Gram flour chilla/cheela (Besan chilla/cheela),135.93,7.8,21.03,2.85,breakfast
Vegetable namkeen jave,112.23,2.93,18.98,2.51,lunch
Khakhra,178.5,4.78,27.66,5.32,breakfast
Moong bean dosa (Pesarattu),285.96,12.32,31.91,11.67,breakfast
Methi thepla,346.16,8.98,41.34,15.95,breakfast
Rice puttu (Ari puttu),81.98,1.26,11.82,3.13,lunch
Buckwheat pancake (Khura),263.3,2.91,27.28,16.43,breakfast
Quinoa khichdi/khichri,64.01,3.18,8.83,1.59,lunch
Khakhra chaat,358.66,4.52,16.64,30.65,snacks
Banana appam,469.81,1.17,20.06,42.53,lunch
Veg manchurian,585.64,0.89,6.82,61.65,lunch
Pav bhaji,96.53,2.66,11.99,4.32,snacks
Rice murukku,593.99,5.41,33.29,48.22,lunch
Bhel puri ,509.89,3.52,16.47,47.91,snacks
Semolina dhokla (Suji/Rava dhokla),194.91,5.44,30.86,5.2,breakfast
Spicy corn chaat ,479.8,4.61,11.45,46.55,snacks
Jackfruit fritters (Ponsa mulik/Kathal ka pakora),597.79,2.34,24.0,54.41,snacks
Banana chips (Kele ke chips),665.67,0.37,7.32,70.46,snacks
Wheat cake,314.63,4.79,41.13,14.95,breakfast
Mango cheesecake,152.46,2.39,20.06,7.3,breakfast
Carrot cake (Gajar ka cake),255.59,5.6,35.98,10.27,breakfast
Semolina cake (Suji/Rava cake),374.14,6.58,31.32,25.18,lunch
Finger millet cake (Ragi cake),279.46,3.96,38.93,12.27,breakfast
Honey cake,333.59,3.08,49.04,14.7,breakfast
Almond cardamom cake (Badam elaichi cake),356.35,7.18,34.53,21.36,lunch
Tutti frutti cake,347.72,4.49,52.94,12.68,breakfast
Ham and Bean soup,96.04,10.61,4.18,4.15,snacks
Whey soup,68.91,3.45,6.26,3.34,snacks
Bottle gourd soup (Ghiya/Lauki soup),23.05,0.45,1.16,1.79,snacks
Baked potato soup,147.05,5.73,5.85,11.21,snacks
Pumpkin soup,40.05,0.47,2.08,3.2,snacks
Sweet corn soup,32.25,0.99,3.56,1.63,snacks
Paneer soup,47.85,3.22,2.42,2.8,dinner
Curried Cauliflower soup,37.32,6.72,3.12,9.77,snacks
Millet soup,55.99,11.26,8.22,12.57,snacks
Lemon coriander soup,108.06,2.27,10.32,6.26,snacks
Garlic soup,194.86,2.38,6.99,17.62,breakfast
Dal makhani,74.04,3.32,7.96,3.06,lunch
Dalma,118.93,4.91,15.04,4.58,lunch
Split bengal gram dal (Channa dal),99.67,4.15,9.99,4.62,lunch
Horsegram dal (Kulthi dal) ,55.65,2.91,8.21,1.13,lunch
Panchmel dal,111.22,4.63,10.71,5.36,lunch
Dal dhokli,68.74,2.96,8.55,2.47,lunch
Gujarati handvo ,207.09,8.24,31.86,4.8,breakfast
Sev (Omapodi/Karapusa),609.14,5.12,12.87,60.08,lunch
Papdi,708.96,1.83,12.89,72.11,lunch
Jowar dosa,294.35,8.5,40.53,10.28,breakfast
Bread roll,435.46,2.85,16.12,40.25,breakfast
Soya seekh kebab,115.05,5.4,10.0,5.88,snacks
Classic seasoned black beans,28.78,8.01,7.66,8.28,snacks
Maa chaane ki dal,344.67,19.8,43.11,9.5,lunch
Garlic chickpea soup (Lahasun aur chane ka shoraba),89.53,4.45,13.92,2.01,snacks
White sauce (thin),115.17,3.31,6.58,8.41,snacks
White sauce (medium),151.27,3.36,7.98,11.76,breakfast
White sauce (thick),209.69,3.43,10.24,17.19,breakfast
Cheese sauce,194.76,7.68,7.08,15.12,breakfast
Egg sauce,146.85,5.97,5.88,11.08,snacks
Mushroom sauce,137.56,3.39,7.31,10.51,snacks
Mustard sauce,158.58,3.98,8.29,12.17,breakfast
Brown sauce,109.18,11.92,5.38,23.67,snacks
Classic italian pasta,42.12,0.57,4.4,2.45,snacks
Pasta spinach sauce,85.46,1.76,1.76,7.9,snacks
Pasta cheese sauce,149.26,4.33,9.0,10.84,snacks
Mayonnaise,774.86,1.86,1.65,84.52,lunch
Low calorie quick mayonnaise,242.89,1.41,4.71,24.35,breakfast
Thousand island dressing,407.87,1.37,4.49,42.87,lunch
Curd dip,79.95,5.04,7.95,3.36,snacks
Short crust pastry,422.1,6.11,44.72,23.98,lunch
Choux pastry,222.37,5.55,16.2,14.96,breakfast
Flaky pastry,443.94,4.69,33.61,31.99,lunch
Sponge cake ,253.77,9.18,44.63,4.74,breakfast
Glace icing,323.51,0.01,86.31,0.01,breakfast
Royal icing,332.58,1.74,86.53,0.02,breakfast
American frosting,257.57,1.05,67.48,0.01,breakfast
Gum icing,223.07,5.94,53.19,0.0,breakfast
Channa murmura premix,339.09,10.59,72.59,3.28,breakfast
Cracked wheat and green gram dal premix (Dalia moong dal premix),362.16,15.89,64.75,5.11,lunch
Rice flakes and roasted channa ,333.4,10.57,71.94,2.94,lunch
Spinach soup in milk ,56.72,2.89,3.98,3.2,snacks
Vegetable soup,55.21,2.22,7.6,1.55,lunch
Mashed banana with milk,95.43,2.51,14.62,2.99,snacks
Poha with curd (Poha aur dahi),173.32,6.01,26.72,4.65,breakfast
Potato with curd,73.18,3.19,12.01,1.33,snacks
Sweet wheat porridge (Sweet dalia),140.66,5.11,23.77,2.79,breakfast
Vegetable khichdi/khichri,143.17,5.61,19.57,4.53,lunch
Moong dal mixture,158.84,4.62,33.93,1.0,lunch
Cracked wheat khichri/khichdi (Dalia khichri/khichdi),167.45,7.56,22.35,5.52,lunch
Stewed apple,91.93,0.17,22.49,0.37,snacks
Lemon squash (Nimbu ka squash),184.56,0.15,48.88,0.06,breakfast
Orange squash (Santre ka squash),193.26,0.22,50.88,0.04,breakfast
Lichi squash,198.33,0.3,51.96,0.08,breakfast
Mango squash (Aam ka squash),194.66,0.17,50.96,0.17,breakfast
Pineapple squash (Ananas ka squash),195.02,0.16,51.34,0.05,breakfast
Lemon and ginger squash (Nimbu aur adrak ka squash),170.34,0.54,44.06,0.21,breakfast
Apple jam (Seb ka murabba),188.79,0.14,48.56,0.32,breakfast
Plum jam (Aloo bukhara jam),178.89,0.31,46.2,0.19,breakfast
Pineapple jam ,149.18,0.32,38.27,0.15,snacks
Guava jelly (Amrood ki jelly),115.74,1.11,28.18,0.25,snacks
Orange marmalade (Santray ka murabba),104.17,0.66,25.94,0.13,snacks
Carrot murabba (Gajar ka murabba),175.24,0.32,45.6,0.16,breakfast
Gooseberry marmalade (Amla murabba),123.16,0.14,32.34,0.03,snacks
Ginger candy (Adrak ki candy),195.71,0.69,50.38,0.27,breakfast
Mango pickle (Aam ka achaar),192.12,1.6,8.11,17.89,breakfast
Mixed vegetable pickle (Sabziyoon ka achaar),211.2,1.9,7.48,19.68,lunch
Sweet lemon pickle (Neembu ka meetha achaar),69.54,1.22,16.87,0.21,snacks
Plum chutney (Aloo bukhara ki chutney),177.11,0.47,44.95,0.29,breakfast
Raw mango chutney (Kachhe aam/Kairi ki chutney),193.13,0.51,49.94,0.16,breakfast
Tomato sauce,34.33,0.81,7.23,0.27,snacks
Tomato puree,20.62,0.75,3.68,0.25,snacks
Garam masala,254.21,9.89,26.2,10.97,dinner
Chat masala,222.58,8.19,23.87,9.91,dinner
Kashmiri masala,389.02,8.26,23.16,31.03,dinner
Rasam powder (Rasam masala),267.96,12.04,25.19,11.8,dinner
Sambar powder (Sambar masala),297.46,12.5,23.38,15.58,dinner
Tartare sauce,610.93,1.44,2.96,66.12,lunch
Barbeque sauce,121.93,0.96,20.46,4.51,snacks
Bread sauce,111.04,3.46,8.69,7.05,breakfast
Green chilli sauce,46.06,1.25,7.36,0.27,snacks
Home made plain noodles,238.78,6.21,44.5,3.56,breakfast
Dal moong,43.69,2.2,4.92,1.62,lunch
Cumin seeds baghar (Jeera baghar/tadka),736.81,3.34,5.22,78.77,lunch
Onion tomato baghar (Pyaaz tamatar ka tadka),137.52,1.26,6.17,11.98,snacks
Mustard seeds baghar (Mustard seed tadka),552.59,4.73,10.45,54.3,lunch
Hot cherry sauce,252.74,0.13,67.95,0.07,breakfast
Apple jelly (Seb ki jelly),152.13,0.1,39.37,0.21,breakfast
Marmalade (Murabba),143.76,0.23,37.64,0.04,snacks
Plum squash (Aloo bukhara squash),211.17,0.16,55.51,0.1,breakfast
Lemon green chilli pickle (Nimboo aur hari mirch ka achaar),14.07,0.85,2.14,0.24,snacks
Brinjal pickle (Baingan ka achaar),139.01,2.24,4.23,12.98,snacks
Sweet and sour tomato pickle (Khatta meetha tamatar ka achaar),60.88,1.26,6.55,3.24,snacks
Jhatpat achar with carrot (Jhatpat achaar gajar ke saath),91.21,1.98,6.32,6.55,snacks
Tomato chutney (Tamatar ki chutney),176.07,0.97,31.85,6.01,breakfast
Tomato ketchup,33.07,0.91,6.48,0.3,snacks
Bengal 5 Spice Blend (Panch Phoran),289.79,18.26,20.0,22.16,breakfast
